{"number_studies": 4346, "first_study_date": "2005-03-10", "first_study_firstauthor": "Klein RJ", "first_study_pubmedid": 15761122, "last_study_date": "2019-11-11", "last_study_firstauthor": "Nudel R", "last_study_pubmedid": 31712607, "number_accessions": 8232, "number_diseasestraits": 4933, "number_mappedtrait": 3241, "found_associations": 166103, "average_associations": 20.177721088435373, "noneuro_trait": "Type 2 diabetes", "average_pval": 1.0031e-06, "threshold_pvals": 108751, "mostcommon_journal": "Nat Genet", "unique_journals": 557, "big_n": 2370390, "large_accesion_firstauthor": "Baselmans BML", "large_accesion_pubmed": 30643256, "total_european": 88.45, "total_asian": 7.4, "total_african": 0.58, "total_othermixed": 1.04, "total_afamafcam": 1.4, "total_hisorlatinam": 1.13, "timezone": "GMT", "timeupdated": "2020-01-05 12:56:35", "unmapped_diseases": 54, "disc_n_european": 90.76, "disc_n_asian": 5.23, "disc_n_african": 0.61, "disc_n_othermixed": 1.01, "disc_n_afamafcam": 1.36, "disc_n_hisorlatinam": 1.03, "disc_studies_european": 58.43, "disc_studies_asian": 18.93, "disc_studies_african": 2.93, "disc_studies_othermixed": 4.96, "disc_studies_afamafcam": 8.49, "disc_studies_hisorlatinam": 6.26, "rep_n_european": 79.64, "rep_n_asian": 15.71, "rep_n_african": 0.48, "rep_n_othermixed": 1.16, "rep_n_afamafcam": 1.53, "rep_n_hisorlatinam": 1.49, "rep_studies_european": 51.93, "rep_studies_asian": 26.41, "rep_studies_african": 2.48, "rep_studies_othermixed": 5.17, "rep_studies_afamafcam": 8.29, "rep_studies_hisorlatinam": 5.72}